{
  "1388941247804211270": {
    "token": "MTM4ODk0MTI0NzgwNDIxMTI3MA.GGtg6-.J4jNqYwJAgnHhn_dbZBm97GBdPQLn-k2UaJFzQ",
    "type": "user",
    "username": "amoloiraas",
    "discriminator": "0",
    "userId": "1388941247804211270",
    "addedAt": "2025-09-26T05:03:59.192Z",
    "lastValidated": "2025-09-26T05:03:59.192Z"
  },
  "1406153614262538240": {
    "token": "MTQwNjE1MzYxNDI2MjUzODI0MA.GSPzvE.vJu8gLxxUQL67q1NEW02wXLrza2g5UbU8rAq2w",
    "type": "user",
    "username": "9hzll",
    "discriminator": "0",
    "userId": "1406153614262538240",
    "addedAt": "2025-09-26T06:31:01.096Z",
    "lastValidated": "2025-09-26T06:31:01.096Z"
  },
  "730964702456184976": {
    "token": "NzMwOTY0NzAyNDU2MTg0OTc2.Gl4m9m.ZHs82Xl7pL8F4_ZX6FszFMsscv3so6JrXF8MPY",
    "type": "user",
    "username": "1iwzz",
    "discriminator": "0",
    "userId": "730964702456184976",
    "addedAt": "2025-10-01T04:00:03.190Z",
    "lastValidated": "2025-10-01T04:00:03.190Z"
  },
  "1343370346275012628": {
    "token": "MTM0MzM3MDM0NjI3NTAxMjYyOA.G6oe0B.YroMt5cGw1iOJdzVcYFNNsRG5mrsvQ6TiTeHxE",
    "type": "user",
    "username": "girldontcr",
    "discriminator": "0",
    "userId": "1343370346275012628",
    "addedAt": "2025-10-01T18:57:46.167Z",
    "lastValidated": "2025-10-01T18:57:46.167Z"
  },
  "1417088719902609479": {
    "token": "MTQxNzA4ODcxOTkwMjYwOTQ3OQ.G460gi.MQzE6ldeFGO08X7h-9q8vAm2dMRl8gh0adfplQ",
    "type": "user",
    "username": "onlynfanss",
    "discriminator": "0",
    "userId": "1417088719902609479",
    "addedAt": "2025-10-02T01:15:14.800Z",
    "lastValidated": "2025-10-02T01:15:14.800Z"
  },
  "1419740161356599346": {
    "token": "MTQxOTc0MDE2MTM1NjU5OTM0Ng.G9d4R4.fW-FsIUqkmup3PzsX-pEH04Mz_dKwX0GI8rCjY",
    "type": "user",
    "username": "botparadarcl",
    "discriminator": "0",
    "userId": "1419740161356599346",
    "addedAt": "2025-10-05T09:10:07.539Z",
    "lastValidated": "2025-10-05T09:10:07.539Z"
  },
  "1243913744367747148": {
    "token": "MTI0MzkxMzc0NDM2Nzc0NzE0OA.GZXPr4.Tkam8XTdJcyDfpsxGxZkavpVMg1G3yRjVFq6dE",
    "type": "user",
    "username": "unfollowy",
    "discriminator": "0",
    "userId": "1243913744367747148",
    "addedAt": "2025-10-07T00:47:41.007Z",
    "lastValidated": "2025-10-07T00:47:41.007Z"
  },
  "1393440747486838905": {
    "token": "MTM5MzQ0MDc0NzQ4NjgzODkwNQ.GIZNWB.Qz1DwQ4tzqvuETjvlHsKf99EawdnwPSEJtajqc",
    "type": "user",
    "username": "68sv",
    "discriminator": "0",
    "userId": "1393440747486838905",
    "addedAt": "2025-10-16T04:34:25.472Z",
    "lastValidated": "2025-10-16T04:34:25.472Z"
  },
  "852690176265289789": {
    "token": "ODUyNjkwMTc2MjY1Mjg5Nzg5.G3E05d.HG3i6d3bzzcOjljuGq45zHNW2Woc5_S8Mm8cYc",
    "type": "user",
    "username": "convvec",
    "discriminator": "0",
    "userId": "852690176265289789",
    "addedAt": "2025-10-17T04:47:43.851Z",
    "lastValidated": "2025-10-17T04:47:43.851Z"
  },
  "1390365818818396193": {
    "token": "MTM5MDM2NTgxODgxODM5NjE5Mw.G-3HMd.Uaw70Mv_gHVelnXMzOcGq18CMdz8FFmfrsxmyI",
    "type": "user",
    "username": "0txg",
    "discriminator": "0",
    "userId": "1390365818818396193",
    "addedAt": "2025-10-18T14:16:13.144Z",
    "lastValidated": "2025-10-18T14:16:13.144Z"
  }
}