{
  "1419740161356599346": {
    "token": "MTQxOTc0MDE2MTM1NjU5OTM0Ng.GhPShp.0BnsbGtlLwxTjogfrxbrgO0dl0hfT6H8zQC6G8",
    "type": "user",
    "username": "botparadarcl",
    "discriminator": "0",
    "userId": "1419740161356599346",
    "addedAt": "2025-09-24T00:15:59.348Z",
    "lastValidated": "2025-09-24T00:15:59.348Z"
  },
  "1393440747486838905": {
    "token": "MTM5MzQ0MDc0NzQ4NjgzODkwNQ.GH_79T.8rss80tNsG_dGjQAOkx3ewSGc6nnyDQaOaZCis",
    "type": "user",
    "username": "youlostmefeelings",
    "discriminator": "0",
    "userId": "1393440747486838905",
    "addedAt": "2025-09-24T02:03:33.441Z",
    "lastValidated": "2025-09-24T02:03:33.441Z"
  }
}